{"cameraMode":{"drawMode":0,"name":"Shaded","section":"Shading Mode"},"sceneLighting":true,"audioPlay":false,"sceneViewState":{"m_AlwaysRefresh":false,"showFog":true,"showSkybox":true,"showFlares":true,"showImageEffects":true,"showParticleSystems":true,"showVisualEffectGraphs":true,"m_FxEnabled":true},"in2DMode":false,"pivot":{"x":-8.503003120422364,"y":-161.51068115234376,"z":-134.6531219482422},"rotation":{"x":0.0070852311328053478,"y":-0.9217579960823059,"z":0.387335866689682,"w":0.016862472519278528},"size":145.89918518066407,"orthographic":false}